{
  "total_posts": 270709,
  "verdict_distribution": {
    "nta": 203079,
    "yta": 47408,
    "esh": 6880,
    "nah": 13342
  },
  "dimension_expectations": {
    "rights": {
      "pos": 0.6163264313591985,
      "neg": 0.5913234498201229,
      "n_pos": 82247,
      "n_neg": 188462
    },
    "consequences": {
      "pos": 0.6269676340618655,
      "neg": 0.5863599655576295,
      "n_pos": 83730,
      "n_neg": 186979
    },
    "fairness": {
      "pos": 0.6300263632579437,
      "neg": 0.5634950106266148,
      "n_pos": 144140,
      "n_neg": 126569
    },
    "autonomy": {
      "pos": 0.6499874780866517,
      "neg": 0.5844109025017313,
      "n_pos": 59895,
      "n_neg": 210814
    }
  },
  "runtime_s": 1438.9129567146301
}